{"cameraMode":{"drawMode":0,"name":"Shaded","section":"Shading Mode"},"sceneLighting":true,"audioPlay":false,"sceneViewState":{"showFog":true,"showMaterialUpdate":true,"showSkybox":true,"showFlares":true,"showImageEffects":true,"showParticleSystems":true},"in2DMode":false,"pivot":{"x":922.4672241210938,"y":-78.77931213378906,"z":585.631591796875},"rotation":{"x":0.07986634969711304,"y":0.35833001136779787,"z":-0.03035842441022396,"w":0.9301203489303589},"size":1081.113037109375,"orthographic":false}